name,x,y
ccp55,1423.890018,2492.700134
ccp33,3962.786074,3869.360772
ccp38,1197.238059,3980.071257
pn25,571.4358501,1820.448745
